artist_id,artist_name,artist_desc,artist_url,artist_pic_url
,,,,
3684,林俊杰,"JJ林俊杰的创作来自最深的情感，他的声音唱出灵魂的璀璨，他把音乐和梦想当做能量，一路走到无人取代的地位，他写下华语乐坛最动人的经典乐章，撼动亚洲数十亿颗心跳。他是亚洲乐坛全能唱作天王 JJ 林俊杰。
2003年首发第一张个人创作专辑《乐行者》，取得不俗成绩；其杰出的创作才能又在之后2004年的凭借歌曲【江南】而成名，并于同年获得第15届金曲奖之「最佳演唱新人奖」。随后的【小酒窝】、【曹操】、【她说】等歌曲亦造成广大回响。2011年8月8日携手华纳，迈出世界。
2020至2021年【幸存者・如你】双维度EP，创造全新音乐视角。由JJ 林俊杰亲自领导整张专辑的企划创意与视觉，新专辑一推出便占据大中华区各大排行榜，销售量更在一个月内突破百万。
把音乐和梦想当做能量，一路走到无人取代的地位，写下华语乐坛最动人的经典乐章，他是亚洲全能唱作天王JJ林俊杰。",https://music.163.com/artist/desc?id=3684,http://p1.music.126.net/78q0jUUJ0h08GxAs2G-tCA==/109951168529051968.jpg
,,,,
2116,陈奕迅,"陈奕迅（Eason Chan），1974年7月27日出生于中国香港，祖籍广东省东莞市，中国香港流行乐男歌手、演员、作曲人，毕业于英国金斯顿大学。
1995年参加第14届新秀歌唱大赛并获得冠军，同年正式出道。1996年发行个人首张专辑《陈奕迅》。1997年主演个人首部电影《旺角大家姐》。1998年凭借歌曲《天下无双》在乐坛获得关注。2000年发行的歌曲《K歌之王》奠定其在歌坛的地位。2001年发行流行摇滚风格的专辑《反正是我》。2003年发行个人首张概念专辑《黑・白・灰》，专辑中的歌曲《十年》获得第4届音乐风云榜十大金曲奖；同年凭借专辑《Special Thanks to》获得第14届台湾金曲奖最佳国语男歌手以及最佳专辑奖。
2005年发行粤语专辑《U87》，专辑中的歌曲《浮夸》成为其歌唱生涯的代表作品之一。2006年起连续九年获得叱咤乐坛流行榜颁奖典礼我最喜爱的男歌手奖。2007年获得十大劲歌金曲最受欢迎男歌星奖。2010年凭借剧情片《金钱帝国》获得星光大典港台年度电影男演员奖。2012年发行舞曲风格的粤语专辑《…3mm》。2015年凭借专辑《米・闪》获得第26届台湾金曲奖最佳国语男歌手奖。2016年举行“Another Eason's LIFE世界巡回演唱会”。2018年凭借专辑《C'mon in~》获得第29届台湾金曲奖最佳国语男歌手奖 ；同年发行专辑《L.O.V.E.》；同年，其主演的电影《卧底巨星》上映。 2020年7月11日在香港举办《Live is so much better with Music Eason Chan Charity Concert》慈善音乐会。",https://music.163.com/artist/desc?id=2116,http://p1.music.126.net/1qr8a9G8pWEMoruLJaBv8A==/109951169014564421.jpg
,,,,
29051613,郑润泽,郑润泽 汉族 2001年9月26日出生于中国四川省成都市 原创音乐人 歌手 制作人 作词作曲人 擅长曲风 流行pop/R&B 代表作《遐想》《如果呢》《于是》《小胡同》《你》等热门作品,https://music.163.com/artist/desc?id=29051613,http://p2.music.126.net/BtXjoRNLCZjoSV-3Ag3M0Q==/109951164458656122.jpg
,,,,
31376161,颜人中,"颜人中，1994年6月17日出生于台湾省，中国台湾创作型流行乐男歌手，毕业于中国文化大学（台湾）戏剧学系。
2019年2月，因翻唱《有可能的夜晚》、《女孩》、《孤单心事》等歌曲进入演艺圈；4月19日，推出个人首支单曲《晚安》；同年，发行个人首张EP《失眠症候群》。2020年6月，以唱作人的身份参与爱奇艺唱作人生态挑战节目《我是唱作人第二季》；7月6日，为电视剧《怪你过分美丽》演唱的主题曲《去爱你》正式上线。2021年1月30日，其参与录制的音乐励志节目《天赐的声音第二季》在浙江卫视播出；同年，获得硬地围炉夜・2019-2020网易云音乐原创盛典最具人气新人奖。
合作邮箱：yrzstudio@163.com",https://music.163.com/artist/desc?id=31376161,http://p1.music.126.net/M9GvSuKJQyfPKprZaLKt7A==/109951165122696427.jpg
,,,,
5538,汪苏泷,"汪苏泷（Silence），1989年9月17日出生于辽宁沈阳，毕业于沈阳音乐学院作曲系，中国内地男唱作歌手、音乐人。
2010年5月，发布个人首张专辑《弗斯特》；11月，发布首张个人EP《慢慢懂》。2012年8月，发行第二张个人专辑《万有引力》。2014年6月，发行第三张原创专辑《传世乐章》。2015年7月，为电视剧《花千骨》演唱主题曲《年轮》；10月，发行第四张原创专辑《登陆计划》，该专辑获得11大颁奖礼和17座奖杯。2016年4月，出版首部生活随笔集《这个世界让我有一点不懂》 ；8月 ，为电视剧《微微一笑很倾城》创作并演唱片头曲《一笑倾城》；9月，“登陆星球”演唱会在北京举行。2017年4月，汪苏泷第五张原创专辑《莱芙》正式发行；6月，为电视剧《夏至未至》创作并演唱插曲《那个男孩》；11月起，担任节目《火星研究院》常驻嘉宾。2018年2月，为电影《唐人街探案2》演唱推广曲《摇滚唐人街》 ；3月，为电视剧《奇葩朵朵》创作并演唱推广曲《和你在一起》 ；4月，为电视剧《忽而今夏》创作并演唱同名主题曲；9月，发布个人第六张专辑《克制凶猛》 。2019年3月，加盟唱作人生态挑战节目《我是唱作人》；10月17日，入选2019福布斯中国30岁以下精英榜。",https://music.163.com/artist/desc?id=5538,http://p2.music.126.net/7G5HqyqcpZoP4cHL7-a-hQ==/109951170027064713.jpg
,,,,
2738,方大同,"方大同（Khalil Fong，1983年7月14日-2025年2月21日），出生于美国夏威夷州，华语流行乐男歌手、词曲作者、音乐制作人、电影制片人、影视演员。
2005年，发行个人首张音乐专辑《SoulBoy》。2006年，凭借音乐专辑《爱爱爱》获得关注。2007年，发行被视为其巅峰之作的音乐专辑《未来》，凭借该专辑获得新城国语力颁奖礼“新城国语力男歌手奖”，并首次提名台湾金曲奖“最佳国语男歌手奖”。2008年，在音乐专辑《橙月》中开始创作更简单上口的音乐。2009年，在叱咤乐坛流行榜颁奖典礼上同时获得“叱咤乐坛男歌手金奖”和“叱咤乐坛唱作人金奖”。2010年，凭借翻唱专辑《可啦思刻》获得第14届全球华语榜中榜“香港地区最佳男歌手奖”，其演唱的歌曲《三人游》获得第32届十大中文金曲“优秀流行国语歌曲奖”；同年，出演个人首部电影《恋爱通告》。
2011年，登上中央电视台春节联欢晚会的舞台；同年，发行复古风格的音乐专辑《15》，该专辑获得叱咤乐坛流行榜颁奖典礼“至尊唱片奖”。2012年，发行音乐专辑《回到未来》。2016年，成立个人音乐厂牌“赋音乐”，并发行个人专辑《JTW 西游记》，凭借该专辑获得第28届台湾金曲奖“最佳国语男歌手奖”。2018年，获得第25届东方风云榜“港台地区最佳男歌手奖”和“港台地区最佳创作歌手奖”。2020年，发行专辑《宅这 Home Sweet Home》。2021年，任爱情电影《指引》的制片人。2024年，发行音乐专辑《梦想家》。
2025年2月21日早晨，方大同去世，年仅41岁。",https://music.163.com/artist/desc?id=2738,http://p2.music.126.net/EO_mrK1Hft9DpC5fr9ROIw==/109951169897875877.jpg
,,,,
5781,薛之谦,"薛之谦（Joker Xue），1983年7月17日出生于上海，中国内地流行乐男歌手、影视演员、音乐制作人，毕业于格里昂酒店管理学院。
2005年，因参加选秀节目《我型我秀》而正式出道。2006年，发行首张同名专辑《薛之谦》，随后凭借歌曲《认真的雪》获得广泛关注。2007年，凭借专辑《你过得好吗》获得MusicRadio中国TOP排行榜内地年度最受欢迎男歌手奖。2008年，发行专辑《深深爱过你》，同年在上海举行个人首场演唱会“谦年传说”。2013年，专辑《几个薛之谦》获得MusicRadio中国TOP排行榜内地推荐唱片。2014年，凭借专辑《意外》获得第21届东方风云榜颁奖最佳唱作人；同年他还获得音悦V榜年度盛典年度创作歌手奖。
2015年6月，薛之谦首度担当制作人并发行原创EP《绅士》；同年，他还主演都市励志剧《妈妈像花儿一样》。2016年，凭借EP《绅士》、《一半》获得第16届全球华语歌曲排行榜最受欢迎男歌手、五大最受欢迎男歌手奖、上海地区杰出歌手奖及最受欢迎创作歌手奖，而歌曲《初学者》则获得年度二十大金曲奖。2017年4月，开启“我好像在哪见过你”全国巡回演唱会；同年，薛之谦获得第7届全球流行音乐年度盛典年度最佳男歌手及MusicRadio榜中国TOP排行榜内地最佳男歌手。
2018年7月，薛之谦“摩天大楼”世界巡回演唱会于北京站启程，整个巡演横跨4大洲，8个国家，21个城市，累计上演场次23场。2020年12月31日，发行第11张个人专辑《天外来物》。",https://music.163.com/artist/desc?id=5781,http://p1.music.126.net/XRdiK-vIvPo83d-EjUTdEQ==/109951168719786015.jpg
,,,,
5196,陶,"陶矗拥有华语乐坛重量级的影响力，无法取代的声音辨识度、歌曲传唱度，至今仍旧，是每一次听，都会叫人不由自主的跟唱。
他是音乐创作人、制作人、歌手。 1997年以完美融合节奏蓝调于华语流行音乐的《陶础吠名专辑出道，惊艳乐坛，获得乐迷及乐评人高度关注及肯定，也开创往后十数年的华语 R&B 黄金时代，被誉为华语 R&B 天王。他集创作、编曲、制作、演唱及现场演出于一身的全方位音乐表现，让他成为乐坛标竿，也是所有后进创作歌手的学习指标。作品量少质精，出道多年仅发行 7 张录音室专辑，仍收获无数奖项肯定，也创造〈爱很简单〉、〈飞机场的10:30〉、〈流沙〉、〈找自己〉、〈小镇姑娘〉、〈普通朋友〉、〈天天〉、〈黑色柳丁〉、〈月亮代表谁的心〉、〈就是爱你〉、〈Susan说〉、〈爱我还是他〉、〈太美丽〉、〈今天你要嫁给我〉... 等无数传唱经典。
从小就在充满音乐的环境下成长，陶丛谡式出道前就在幕后从事编曲制作工作，出道后更先后为张惠妹、林忆莲、陈奕迅、陈小春、梁静茹、SHE、莫文蔚、周笔畅... 等人创作及制作。在他的作品中，除了华语流行乐不可或缺的情歌，他能走出自我风格，但仍精准到位、直入人心，更经常可以听见对于社会及大环境的观察与反思，也成为他独树一格的标志。音乐表现上，R&B、摇滚乐是陶醋钪匾的音乐表达，同时他更擅长融合不同乐风，将西方流行乐的饶舌说唱、灵魂乐、民谣、电子，甚至古典乐，配合华语的诠释风格，重新思考配置，找到全新的演绎方式，不仅创造全新听觉感受，也一次次推动华语流行音乐的再进化，这也是陶粗所以无可取代的原因。",https://music.163.com/artist/desc?id=5196,http://p2.music.126.net/7FWLQ9Vm_po0VS7ptLTFiQ==/109951170606711717.jpg
,,,,
49320722,加木,"我要成为音乐王啊啊啊啊啊啊啊啊啊啊啊啊啊
商务联系：AD10012018",https://music.163.com/artist/desc?id=49320722,http://p1.music.126.net/MOsIrkp4suqBqlsrxPsJ0w==/109951170374129065.jpg
,,,,
5346,王力宏,王力宏被CNN 以及LA Times（《洛杉矶时报》）誉为“King of Chinese Pop”（华语流行音乐之王），是著名创作歌手、编曲家、词曲作者、制作人、演员、导演。 2届台湾「金曲奖」最佳男歌手、19次提名，王力宏从1995的第一张专辑《情敌贝多芬》开始，创作了无数华语经典，如〈爱你等于爱自己〉、〈不可能错过你〉、〈流泪手心〉、〈龙的传人〉、〈唯一〉、〈爱的就是你〉、〈心中的日月〉、〈Forever Love〉、〈盖世英雄〉、〈在梅边〉、〈Kiss Goodbye〉、〈改变自己〉、〈心・跳〉、〈你不知道的事〉、〈依然爱你〉、〈你的爱〉、〈A.I.爱〉等。,https://music.163.com/artist/desc?id=5346,http://p1.music.126.net/bM06VHfs1ivzKegl3nMPsg==/109951169421841547.jpg
,,,,
5771,许嵩,许嵩（Vae），1986年5月14日出生于安徽省合肥市，中国内地流行乐男歌手、原创音乐人，现任海蝶音乐公司（现为太合音乐集团）音乐总监，毕业于安徽医科大学。2006年起许嵩开始发表音乐作品，至2022年已成功发行八张个人原创专辑以及六十余首原创单曲，所有歌曲由许嵩创作词曲及音乐制作。截至2020年，许嵩已获得中歌榜、中国华鼎奖、东方风云榜、音乐风云榜等权威音乐榜单颁发的“最佳创作歌手奖”、“最佳唱作人奖”等个人奖项共20次；截至2022年，应邀为游戏、影视剧等创作主题曲包括《诗画中国》（诗画中国节目主题曲）、《雨幕》（新天龙八部端游主题曲）、《千古》（电视剧《花千骨》片头曲）等歌曲共23首；八登央视舞台，十二次登上卫视晚会献唱。,https://music.163.com/artist/desc?id=5771,http://p1.music.126.net/FLHG9Ou-sIq9F6dPe7SuNw==/109951169440811453.jpg
,,,,
6472,张杰,"张杰，华语LIVE王。
出道16年来，发行了14张专辑，200多首高品质音乐作品，40多首OST金曲，拥有众多被广为传唱的歌曲。近年来，他创新运用MIX-POP曲风，开辟音乐发展新征程。
170多个音乐奖项，让他实现内地音乐奖项大满贯。2010年，获得韩国Mnet亚洲音乐盛典“亚洲之星”大奖；2014年，获得第42届全美音乐奖“年度国际艺人大奖”，成为内地首位获得该奖项的歌手。
至今为止，举办了 61场大型演唱会，巡演足迹踏过海内外30余座城市，累计130万人观看。2018、2019连续两年打破鸟巢单场演唱会票房纪录。",https://music.163.com/artist/desc?id=6472,http://p1.music.126.net/PxsdyHtM0yMi1cIIDk_MFw==/109951169294511651.jpg
,,,,
12138269,毛不易,毛不易，原名王维家，1994年10月1日出生于黑龙江省齐齐哈尔市泰来县，中国内地流行乐男歌手，毕业于杭州师范大学护理专业。2017年，参加选秀娱乐节目《明日之子》的比赛，获得全国总决赛冠军，从而正式进入演艺圈；9月1日，推出首张个人音乐专辑《巨星不易工作室 No.1》；11月11日，推出个人原创单曲《项羽虞姬》。,https://music.163.com/artist/desc?id=12138269,http://p1.music.126.net/BGXHSF_DfcwTqdmMb6C_-g==/109951169875197682.jpg
,,,,
12631485,h3R3,刘清云（h3R3），出生于中国安徽，中国男歌手、音乐制作人、词曲作者、混音师、录音师、母带师、编曲师,https://music.163.com/artist/desc?id=12631485,http://p1.music.126.net/in8eeZ0f5r0-iYvfI7c-WQ==/109951169603683118.jpg
,,,,
47091532,王赫野,"王赫野，1998年2月2日出生于黑龙江省哈尔滨市，中国内地流行乐男歌手，毕业于哈尔滨金融学院。
2021年3月，发布个人首支音乐单曲《大风吹》；4月，参加《天赐的声音第二季》；7月21日，发行个人单曲《致你》；10月6日，参加浙江卫视励志专业音乐评论节目《中国好声音2021》国庆特别节目，与李克勤合唱歌曲《秒针》。
2022年4月9日，担任首发爱乐歌手参与录制抖音与浙江卫视联合播出的跨屏互动音乐综艺《为歌而赞第二季》；4月12日，推出个人首张音乐EP《万物法则》，并收录了《万物法则》《像少年飞驰》《 热铁皮房顶的夏天》3首歌曲 。；4月22日，其参加的浙江卫视音乐励志节目《天赐的声音第三季》播出；5月1日，发布与张韶涵合唱的歌曲《天赐的声音第三季》主题曲《篇章》；12月31日，参加《2022-2023浙江卫视美好跨年夜》，演唱歌曲《篇章》；参加《启航2023―中央广播电视总台跨年晚会》；2022年王赫野为电影《倚天屠龙记》演唱了推广曲《倚天屠龙》，为电视剧《请叫我总监》演唱的插曲《甜蜜来袭》发行上线 。
2023年1月25日，参加浙江卫视《2023美好中国新歌会》，演唱《大风吹》《我们的答案》；3月17日，参加总台《2023扬帆远航大湾区音乐会》；4月28日，王赫野加盟作为常驻嘉宾的《天赐的声音第四季》播出。
2024年开启首次个人演唱会“去吹一场野的风”。
早年经历
王赫野出生于黑龙江省哈尔滨市，并在那里读书、成长，他从小就热爱音乐。王赫野大学期间他开始在抖音上录歌，并因此在短视频平台上获得了一定的关注度；之后，经纪公司在抖音上看到他的视频，才挖掘王赫野走上职业歌手之路。",https://music.163.com/artist/desc?id=47091532,http://p1.music.126.net/mIvN-kojgivwDusrfdlPCA==/109951171075904188.jpg
,,,,
4292,李荣浩,"李荣浩（Ronghao Li），1985年7月11日出生于安徽省蚌埠市，中国内地流行乐男歌手、词曲创作人、音乐制作人、演员。
2010年，发行首张个人音乐EP《小黄》。2013年，发行个人首张音乐专辑《模特》，凭该专辑成为首位获得台湾金曲奖“最佳新人奖”的中国大陆歌手。2014年，发行个人同名音乐专辑《李荣浩》，凭该专辑获得中国TOP排行榜内地年度最佳男歌手奖。2016年，发行个人音乐专辑《有理想》，随后，举行的23场“有理想”世界巡演获得第21届华语榜中榜亚洲影响力最佳演唱会奖。2017年，发行个人音乐专辑《嗯》，凭该专辑获得第22届全球华语榜中榜亚洲影响力最佳男歌手奖；同年，他的个人巡演首次登陆香港红|体育馆和台北小巨蛋体育馆。2018年，发行个人音乐专辑《耳朵》，凭该专辑提名第30届台湾金曲奖最佳国语男歌手奖。2019年，担任浙江卫视歌唱选秀节目《中国好声音》的导师；同年，获得Mnet亚洲音乐大奖亚洲最佳艺人奖。2020年，发行音乐专辑《麻雀》。2021年，发行专辑《不遗憾》。",https://music.163.com/artist/desc?id=4292,http://p1.music.126.net/FlL7wkN6VBoGTj3Df7s2_w==/109951170316908673.jpg
,,,,
12277194,LBI利比,LBI利比，内地男歌手，唱作人，音乐制作人。代表作《跳楼机》、《小城夏天》、《洛杉矶》、《或许》。,https://music.163.com/artist/desc?id=12277194,http://p1.music.126.net/2nAk3Mmfyj9KadQUNL1YTQ==/109951164206426031.jpg
,,,,
6731,赵雷,独立音乐人、唱作人赵雷,https://music.163.com/artist/desc?id=6731,http://p1.music.126.net/j6KWzSdlRKzZUwJnQx3vBA==/3300733912483912.jpg
,,,,
58149097,DJ阿智,感谢收听,https://music.163.com/artist/desc?id=58149097,http://p2.music.126.net/trV0x4YFWjTYdpt2HundTg==/109951168832288291.jpg
,,,,
166010,梁博,梁博，1991年3月25日出生于吉林省九台市，中国内地男唱作人，毕业于吉林艺术学院流行音乐学院，艺术硕士学位。 2012年，参加浙江卫视首届《中国好声音》受到广泛关注，并获得年度总冠军。 2014年，发行首张同名创作专辑《梁博》，一手包揽词曲创作，并邀请到Michael Bearden共同担任专辑制作人。专辑全程同期录音、去除以往唱片工业的“模式化”，从内心出发，进行绝对自我的音乐表达。 2015年11月，发布第二张专辑《迷藏》，除了词、曲创作，梁博还亲自担任专辑制作人。这是一张现场拍摄和录音真实同步进行的室内现场专辑。追求情感、情绪的第一时间表达，整体质感的完整统一呈现。 2016，相继发布《给我一点温度》、《鬼》。不仅包揽词、曲、制作，还包揽歌曲中所有乐器演奏的部分。同年，发布歌曲《喜剧》。 2017年，参加湖南卫视《歌手2017》，演唱原创作品《灵魂歌手》、《男孩》、《日落大道》。 2019年3月12日，加盟爱奇艺自制S+级华语唱作人生态挑战节目《我是唱作人》，先后演绎原创作品《表态》、《出现又离开》、《黑夜中》、《曾经是情侣》、《你会成为你想的那个人》、《我不知道》。,https://music.163.com/artist/desc?id=166010,http://p2.music.126.net/nbpbayELLLqeRGM0Q6s-PQ==/109951164387664340.jpg
,,,,
861777,华晨宇,"华晨宇，1990年2月7日生于湖北十堰 ，中国男歌手，毕业于武汉音乐学院。
2013年，参加湖南卫视《快乐男声》获年度总冠军出道 。2014年1月，首登央视春晚舞台。9月6日-7日，在北京万事达中心连开两场“火星”演唱会 ，随后首张个人专辑《卡西莫多的礼物》发行 ，并凭此专辑获第十五届音乐风云榜年度最受欢迎男歌手等奖项。同年7月31日―8月2日，2015火星演唱会在上海大舞台连开三场。12月，发行第二张专辑《异类》。
2016年7-9月，2016火星演唱会相继在北上深三个城市举办。9月27日，出席亚洲新歌榜2016年度盛典，揽获最佳男歌手奖。10月，加盟东方卫视《天籁之战》。12月2日，获2016MAMA亚洲最佳艺人奖。2017年3月14日，专辑《H》发行。2018年2月参加湖南卫视《歌手2018》，获得总决赛亚军。9月8日-9日在鸟巢体育场连开两场2018火星演唱会。2019年11月15日-17日在海口五源河体育场连开3场2019火星演唱会。12月4日，发行单曲《好想爱这个世界啊》，成为华语乐坛首支破半亿单曲。2020年4月24日成为《歌手》首位90后总冠军。4月8日，第四张专辑《新世界NEW WORLD》网易云独家发行。
2021年1月10日，获腾讯白皮书年度男歌手奖项；1月19日，获抖音星动之夜2020年度最佳歌手。2月28日，获2020新浪微博之夜微博年度歌手。2021年11月26-28日，12月3-5日，由华晨宇首次担任总导演的2021火星演唱会在海口成功举办。2022年3月11日，作为“伯乐团”成员，加盟湖南卫视音综《春天花会开》；9月25日，华晨宇首个线上音乐会“火星乐章”成功举办，直播观看人次达2亿+。12月20日，第五张专辑《希忘Hope》网易云发行。
2023年4月7日开启由双奥舞美团队合作打造的乐园场及四面台双模式的火星巡回演唱会。同年9月8日-9日，华晨宇成功举办鸟巢四面台演唱会。
2024年1月18日，发行《2023华晨宇演唱会「北京鸟巢」纪念特辑》，同年5月1日开启延续与双奥团队合作重新设计的双模式火星巡回演唱会，5月4日，华晨宇成功举办首个海边日出演唱会。
2025年1月10日，第六张专辑《量变临界点》网易云发行并于24小时内销量突破一百万张。同年3月8日-9日再次升级舞美编曲的火星巡回演唱会正式回归。",https://music.163.com/artist/desc?id=861777,http://p1.music.126.net/btGSOfbnvaBsBvPv6UIhow==/109951170365595224.jpg
,,,,
33204812,TINY7,"出生于千禧年现居湖南长沙的音乐人
是近些年中国HIPHOP音乐界新生代的中坚力量
善于用HIPHOP曲风融合R&B以及流行
善用细腻的声线,前卫且独特的曲风来表达新世代的价值观,使听众产生共鸣。",https://music.163.com/artist/desc?id=33204812,http://p2.music.126.net/mUjf6TfvehpVXtDibiJJPw==/109951169740202151.jpg
,,,,
1030001,周深,"周深，1992年9月29日出生，贵州贵阳人，浙江卫视《中国好声音》第三季学员，所属那英团队。
2014年，参加浙江卫视《中国好声音》第三季第二期，以一首齐豫的《欢颜》获得导师们的赞赏；9月1日在《中国好声音重返巅峰》节目，带着一首《美错》，赢得了陈晓东和王治平的充分的肯定；10月7日，参加《好声音总决赛》，凭借《贝加尔湖畔》获得“中国好声音”年度金曲。2015年春节大年初一北京卫视春晚献唱多语版《Let it go》支持北京申办冬奥会。2015年4月为电影《何以笙箫默》片头片尾配唱人声SOLO《You Are My Sunshine》。7月发行首张翻唱专辑《回味》并举办新专辑首唱会。8月发行个人全新单曲《玫瑰与小鹿》。",https://music.163.com/artist/desc?id=1030001,http://p2.music.126.net/t257JtUSkizwFqtfur41nw==/109951168649079639.jpg
,,,,
1143033,队长,队长(YoungCaptain)唱作人、音乐制作人、MV导演。,https://music.163.com/artist/desc?id=1143033,http://p1.music.126.net/bFUIuxjaooW5dH98_NaAoA==/109951170827419881.jpg
,,,,
1132392,马思唯,"被纽约时报赞誉为“中国Hip-Hop界突破性明星说唱组合 - Higher Brothers” 的团队领袖，中国说唱代表人物之一 - 马思唯从21岁出道至今，已发布4张高水准个人Mixtape《P.E.I VOL.1》、《P.E.I VOL.2》、《P.E.I VOL.3》、《AFewGoodKids》，1张Higher Brothers Mixtape 《Higher Brothers》，2张团队正式专辑《Black Cab》、《Five Stars》，1张个人正式专辑《黑马王子》，并凭借“花花公子”，“Lover Boy 88”，“Made in China”, “WeChat” 等数首单曲屡次在全球范围掀起狂潮，全球试听超过2亿5千万次：从2017年与团队Higher Brothers发布首张正式专辑《Black Cab》开始，国内外巡演“座无虚席”；其中与KnowKnow合作的单曲“Lover Boy 88” 更是成为现象级夏日恋爱金曲；再到《Five Stars》专辑中与优秀Hip-hop音乐人们的合作包括Schoolboy Q，Denzel Curry，Soulja Boy，J.I.D等；2019年与Snoop Dogg合作发布单曲“Friends and Foes”，成为首个与欧美rapper共同为美剧打造主题曲的中国rapper；2020年发布大热专辑《黑马王子》，马思唯用一个又一个的作品向世人展示真正Made In China的顶级Hip-hop音乐，更是帮助Higher Brothers一举摘得网易云2018年度最佳说唱团体。2020年夏天首次以导师身份与黄子韬，Rich Brian, KnowKnow, 李宇春，MC Hotdog同台加入bilibili首档S+级综艺《说唱新世代》。并于2020年年末登上《时尚先生fine》杂志封面，作为封面人物之一出席时尚先生第17届MAHB年度盛典，荣获年度榜Young(音乐)奖项。
马思唯以音乐为马，和Higher Brothers作为中国说唱几乎唯一向西方乐坛输出的代表，走遍了全世界的各个角落。2021年带着第二张个人专辑《黑马》强势回归的马思唯，还将为我们带来哪些惊喜，让我们共同拭目以待。",https://music.163.com/artist/desc?id=1132392,http://p1.music.126.net/bRHsTqcAX6mpZCylq_GIzQ==/109951170646726907.jpg
,,,,
12932368,蔡徐坤,"蔡徐坤（KUN），1998年8月2日出生于浙江省，中国内地男歌手、演员、音乐制作人。
2012年4月，蔡徐坤因参加综艺节目《向上吧！少年》进入全国200强而进入娱乐圈；同年8月，参演个人首部偶像剧《童话二分之一》 。2014年3月，参演个人首部电影《完美假妻168》。2018年1月，参加中国首档偶像男团竞演养成类真人秀《偶像练习生》，并于同年4月6日获得最高票数，以NINE PERCENT九人男团C位出道并担任队长 ；同年8月，发行个人首张EP《1》 ；随后获得出道后首个个人音乐类奖项亚洲新歌榜2018年度盛典“最受欢迎潜力男歌手” ；同年12月，获第十二届音乐盛典咪咕汇年度“最佳彩铃销量歌手”、年度十大金曲《WaitWaitWait》、搜狐时尚盛典“年度人气男明星”以及今日头条年度盛典“年度偶像人物”。2019年2月，首登北京台春晚便包揽词曲，为其创作歌曲《那年春天》 。",https://music.163.com/artist/desc?id=12932368,http://p1.music.126.net/t27vmylKdd0OL57k2bKv9Q==/109951171032154963.jpg
,,,,
2843,郭顶,歌手、制作人、词曲作者,https://music.163.com/artist/desc?id=2843,http://p2.music.126.net/7OoAuH2Iqjr3Owmqf4pNFQ==/109951165912271970.jpg
,,,,
34862670,黄子弘凡,黄子弘凡，1999年4月21日出生于甘肃兰州，四川成都长大，中国内地男歌手，影视剧演员。 2018年11月，参加原创新形态声乐演唱节目《声入人心》。2019年5月，参加纪实节目《向往的生活》；同年，随梅溪湖36子举办全国巡回音乐会；8月，参加综艺《花样新世界》；10月，担任李安电影《双子杀手》超前体验官；11月1日，获选“年度优秀青年榜样” 。2020年1月出演由芒果TV出品的青春校园剧《那年夏天的秘密》并担任男一号梅小九；2020年4月由索尼音乐发行首支个人单曲《Waking Now》。,https://music.163.com/artist/desc?id=34862670,http://p1.music.126.net/D1I_hTno20ggJMk8tFkPcw==/109951169657530750.jpg
,,,,
2124,陈楚生,"中国著名歌手、原创音乐人。2003年获得在长沙举行的全国PUB歌手大赛冠军。2007""快乐男声""获得全国总冠军走入走入大众视线并积累了高人气。2007年7月，发行首支单曲《有没有人告诉你》，11月8日，发行个人EP《原来我一直都不孤单》。2009年10月28日 陈楚生签约华谊兄弟。作为华语乐坛最具影响力男歌手之一，陈楚生在各大权威音乐奖项中多次获封“最佳男歌手”、“最佳唱作人”、“最佳创作歌手”等荣誉称号。代表作品：《有没有人告诉你》《晓得》《一夜》《我们》《山楂花》《瘾》《风起时想你》《原来我一直都不孤单》。",https://music.163.com/artist/desc?id=2124,http://p2.music.126.net/w7gjxVVrinDtnwrY25dRhQ==/109951164172869486.jpg
,,,,
6652,周传雄,"周传雄（Steve Chou），1969年6月7日生于台湾省台中市，祖籍湖北省荆州市公安县，中国台湾流行乐男歌手、音乐制作人。
1988年，参加“台湾校园歌唱比赛”，被选为小虎队第一批候选成员，后因个人原因放弃加入小虎队。1989年，以艺名“小刚”推出首支个人原创单曲《尘烟》 。1990年，推出首张个人音乐专辑《双子星的对话》。1992年，推出第4张个人音乐专辑《小刚的花花世界》。1996年，推出第8张个人音乐创作专辑《我的心太乱》。
1997年，开始转型幕后制作人工作，以本名周传雄发表作品。2000年，发表个人创作专辑《Transfer》，主打歌《黄昏》成为其代表作。2001年，出演个人首部电视剧《薰衣草》。2004年，在新加坡举办“我在身边”首次个人售票演唱会。2006年，获得“中国原创歌曲总评榜”港台地区最佳唱作人奖。2007年，获得“第一届无线音乐俱乐部颁奖典礼”年度最畅销作曲奖。2009年，获得“音乐大典”年度最佳唱作人。2012年，凭借专辑《打扰爱情》获得“音乐先锋榜”最佳专辑奖、年度K歌王、最佳创作歌手奖。
2014年，胃病痊愈后推出个人音乐创作专辑《时不知归》。2015年9月，举办“时不知归”全球巡回演唱会。2019年12月起，举办“青花传情”全球巡回演唱会。2020年9月起，推出《不畏惧的少年》《新的称谓》《你的目光》《我的世界被你包围》4首单曲。
2021年1月，周传雄以选手的身份登上《天赐的声音第二季》，演绎了一首二十年前由他创作的《我难过》，随后却被直接淘汰并在网络引发争议 。同年3月，备受期待的国漫电影《西游记之再世妖王》迎来了其主题曲《妖王之王》的全球发布，同年为古风武侠网剧《山河令》献唱插曲《山河行》；5月，推出单曲《流光》 《你就是我最爱的精选》 ；6月，推出单曲《滴滴滴滴》 ，为《QQ三国》十四周年庆献唱主题曲《少年如昔》 ，和捷达合作改编歌曲《有梦皆达》；7月，推出单曲《你和雨之间》；9月，与腾讯音乐伯乐计划合作单曲《易知难》，并加盟《流淌的歌声第三季》；10月，重启“青花传情”广州、苏州巡演；同月，加盟《你好生活第三季》 。
2022年1月1日，参加《扬帆远航大湾区――2022新年音乐会》，与韩雪合作演唱歌曲《弯弯的月亮》；随后，参加湖南卫视《时光音乐会》，与林志炫改编合唱歌曲《记事本》；2月，参加《我们的歌》新春嗨唱大会，演唱《寂寞沙洲冷》《花香》，并现场首唱单曲《滴滴滴滴》；9月14日，发行第18张个人音乐专辑《念念不忘》；9月19日，官宣加盟《中国梦之声・我们的歌第四季》 ；12月29日，参加非正式跨年派对 ；12月31日，加盟2023东方卫视跨年盛典，表演《黄昏》《青花》。
2023年1月7日，参加湖南卫视和芒果TV独播的综艺节目《你好，星期六》。5月6日，《念念不忘》巡回演唱会在上海启动。9月，演唱电视剧《云之羽》中的影视原声歌曲《终角浅》。10月17日，宣布加盟加盟华纳音乐。
2024年1月1日，参加在中央电视台综合频道、综艺频道、音乐频道以及多个音乐平台同步播出的《扬帆远航大湾区――2024新年音乐会》；同年2月10日，周传雄参加了江苏卫视龙年春晚 。9月25日，参加《2024微博音乐盛典》。 10月，参加东方卫视《我们的歌》好友嗨唱夜， 演唱歌曲《青花》。 10月12日，参加北京卫视《2024美好奇妙夜》。 12月5日，周传雄新专辑《情人该有的慈悲》上线。12月31日，参加《2024最美的夜 bilibili晚会》，演唱歌曲《醒醒，现在是千禧年》。 12月31日，参加《梦圆东方・2025东方卫视跨年盛典》，演唱歌曲《寂寞沙洲冷》《冬天的秘密》《青花》，与张凌赫合唱《我是真的受伤了》。
2025年2月12日，参加节目《2025年中央广播电视总台元宵晚会》，表演节目《汉阳门花园》。",https://music.163.com/artist/desc?id=6652,http://p1.music.126.net/Vgsy_xFFUT1wo6wk0DQXqA==/109951165816623226.jpg
,,,,
1079074,余佳运,余佳运，天蝎座。独立音乐人，词曲唱作人，制作人。毕业于伯克利音乐学院。擅长流行R&B，Future R&B等风格。代表作，《我想》《和你》《再一起》。,https://music.163.com/artist/desc?id=1079074,http://p2.music.126.net/31QAzJPNmYzZIpx-iAcy0g==/109951165432652392.jpg
,,,,
30109388,贝乐虎,"Play, Music, Love！贝乐虎儿歌陪伴宝宝快乐成长的每一天。
贝乐虎儿歌是由乐擎网络原创的系列动画儿歌，传达健康、阳光、积极的亲子育儿理念。让小朋友娱乐之余学习家庭礼貌，获得音乐和节奏的熏陶，寓教于乐。",https://music.163.com/artist/desc?id=30109388,http://p2.music.126.net/lAlD9yNk_wu3jzxb5slM9w==/109951169838931462.jpg
,,,,
5929,徐良,内地青年唱作歌手。没有唱片公司背景、无制作团队，自己包揽词曲创作制作，徐良自编自唱的《犯贱》《红装》《和平分手》等歌曲在互联网上悄然通过口碑的方式走红，深受好评，打开知名度。2011年签约滚石移动美妙音乐公司并在2012年发行首张专辑《不良少年》。继首张个人大碟《不良少年》于2012年3月发行之后，徐良再接再厉，于6月又推新单曲《无颜女》。代表作品：《犯贱》《客官不可以》《无颜女》《考试什么的都去死吧》。,https://music.163.com/artist/desc?id=5929,http://p1.music.126.net/2bQ8B74vQVOlLWqEIOiLoA==/109951170120531346.jpg
,,,,
33863232,罗言,"罗言，
国内最具代表性的新生代Rapper，来自成都AsianAstar厂牌，WhichwayMusic
一年时间完成全平台零到百万粉丝积累，音乐平台播放量破亿的现象级新人，网易云音乐2022年度瞩目音乐人，拥有全能音乐掌控力的六边形战士。
出道至今，已发行2张录音室专辑《泪海》、《MOON BABY》，1张Mixtape《When the world is came，take it！》。热单《红》、《该死的泪》一经发布便引爆全网，与Capper的合作曲《雪Distance》全网巅峰日播超2000w+，网易云音乐10w+评论，短视频平台相关话题曝光量数十亿，多平台榜单TOP1，成为2023网易云音乐年中热度最高的说唱歌曲，并成功破圈。
第二张个人专辑《MOON BABY》收录18首歌曲，合作艾志恒Asen、GALI、Thomeboydontkill、Psy.P、TY、Capper6位优秀音乐人，专辑一经发布便霸榜网易云音乐各类榜单，专辑话题阅读量2000w+，斩获网易云音乐2023年中热度最高专辑TOP10，将MOON BABY的更多面正式展现给听众。与马思唯合作的《冠军情歌》、《BABE》单曲掀起几波热门话题讨论的同时，也展现出罗言更加成熟、多变的音乐掌控力。罗言不断输出音乐作品的同时，也完成了两张专辑同名的近20站售罄巡演，近百场商演、音乐节。
从罗言身上可以看到的不只是新兴Rapper蓬勃的生命力，更是未来华语乐坛的希望。
期待MOON BABY掀起他专属的Moon Wave！
MOONBABY RollFlash.",https://music.163.com/artist/desc?id=33863232,http://p1.music.126.net/AXQB530V_ZrrQctITVfRnw==/109951167579824884.jpg
,,,,
6460,张学友,"张学友（Jacky Cheung），1961年7月10日出生于中国香港，祖籍天津市，中国香港男歌手、演员、作曲人，毕业于香港崇文英文书院。
1984年因获得首届香港十八区业余歌唱大赛冠军而出道。1985年发行个人首张专辑《Smile》。1986年凭借歌曲《遥远的她》在香港乐坛获得关注。1993年发行的专辑《吻别》打破华语唱片在台湾的销量纪录。1995年起连续两年获得世界音乐大奖全球销量最高华人歌手奖。1997年参与策划并主演音乐剧《雪狼湖》。1998年凭借专辑《想和你去吹吹风》获得第9届台湾金曲奖最佳国语男演唱人奖。2001年获得香港乐坛最高荣誉金针奖。2004年发行个人首张全创作专辑《Life Is Like A Dream》。2012年打破12个月内巡回演唱会观众人数的吉尼斯世界纪录。2013年获得十大中文金曲金曲35周年荣誉大奖。2016年举行“A CLASSIC TOUR 学友・经典世界巡回演唱会” 。
1986年出演个人首部电影《霹雳大喇叭》。1989年凭借剧情片《旺角卡门》获得第8届香港电影金像奖最佳男配角奖。1990年凭借武侠片《笑傲江湖》获得第27届台湾电影金马奖最佳男配角奖。1996年正式息影。2001年复出拍片。2002年凭借文艺片《男人四十》获得印度国际电影节最佳男演员奖。2007年在香港星光大道留下手印。2010年主演文艺片《月满轩尼诗》。2015年主演动作片《赤道》。
张学友关心公益慈善。1998年当选香港十大杰出青年。1999年当选世界十大杰出青年。2003年起连续七年担任香港演艺人协会副会长。",https://music.163.com/artist/desc?id=6460,http://p1.music.126.net/bGTTVbPYHT24w2HkHrdXmQ==/109951166958310165.jpg
,,,,
13112601,Wiz_H张子豪,独立音乐人（可太独立了），气人歌手（可太没人气了），别问了，我不搞音乐，音乐搞我。,https://music.163.com/artist/desc?id=13112601,http://p1.music.126.net/PLA3c0_Y56L_iyzgQSu_dw==/109951165843118851.jpg
,,,,
3066,胡彦斌,"胡彦斌（Tiger Hu），1983年7月4日出生于上海市，祖籍浙江省宁波市，中国内地男歌手、作曲人、音乐制作人，牛班音乐学校创始人。
1999年参加“上海亚洲音乐节新人歌手大赛”出道。2001年推出个人创作单曲《和尚》获得广泛关注。2002年发行首张个人专辑《文武双全》。2004年在台湾HITO颁奖礼中凭借创作歌曲《进行式》获得最受欢迎对唱金曲奖。2008年在台湾举行“胡彦斌2008男人歌演唱会”，演唱会上座率达9.5成。2014年成立个人工作室“上海太歌文化传媒工作室”，发行第九张个人专辑《太歌》。截至2020年，胡彦斌已发行十二张正式专辑，累计创作数百首歌曲。
演艺事业外，胡彦斌还涉足音乐教育事业。2015年成立在线音乐教育平台“牛班”，2016年牛班音乐学校上海校区正式成立，之后在北京、深圳、广州、南京、成都等地陆续开设学习中心。2018年任南京艺术学院客座教授。
胡彦斌热心社会活动。2004年为亚洲杯创作并演唱中英文版主题歌《宣言》。2006年为上海国际田径黄金大奖赛创作主题曲《And Want You Know》。2010年创作献唱的歌曲《我们一直都在》当选为2010上海世博会城市文明志愿者主题曲。2011年创作公益歌曲《孩子》，呼吁社会各界人士关注儿童；同年，被授予救助流浪儿童“手拉手――中国音乐志愿者在行动”形象大使。",https://music.163.com/artist/desc?id=3066,http://p1.music.126.net/DOoazTecY7jC4JkEOfgujA==/109951169374775668.jpg
,,,,
1094010,摩登兄弟刘宇宁,摩登兄弟，中国内地男子乐队，由主唱刘宇宁、吉他手阿卓、键盘手大飞组成。,https://music.163.com/artist/desc?id=1094010,http://p1.music.126.net/I1uF8g0-1avqicEcCsZIUg==/109951164250429506.jpg
,,,,
51497522,缡榔娌,他们妄想遮住打在我身上的光亮,https://music.163.com/artist/desc?id=51497522,http://p1.music.126.net/fb_qUBZMPT8KUXbqJtJLkg==/109951167039586125.jpg
,,,,
865007,法老,法老（1992年10月11日-），出生于浙江省海宁市，说唱歌手。活死人厂牌成员，合则恒文化签约艺人，中文说唱第六代。,https://music.163.com/artist/desc?id=865007,http://p2.music.126.net/HTXB834S72ulGPL1oM-RCg==/109951167728753946.jpg
,,,,
6454,张信哲,"张信哲（Jeff Chang），1967年3月26日出生于台湾省云林县西螺镇，祖籍福建省厦门市同安区，中国台湾男歌手、演员、舞台剧团团长。
1987年签约滚石唱片的子公司巨石音乐。1988年因与潘越云合唱歌曲《你是唯一》正式出道。1989年发行第一张专辑《说谎》。1992年推出个人第一张英文专辑《My Eyes Adored You》 。1993年-1995年发行的歌曲《爱如潮水》《别怕我伤心》《过火》成为其代表作。1996年发行个人第一张粤语专辑《深情》 ；同年凭借专辑《宽容》获得第7届台湾金曲奖最佳国语男歌手奖。1999年为动画电影《宝莲灯》演唱主题曲《爱就一个字》 。2000年获得中央人民广播电台中国流行歌曲榜台湾地区最受欢迎歌手奖 。2003年获得首届中国原创歌曲奖台湾地区男歌手奖。2005年获得新城国语力颁奖礼新城国语力殿堂歌手奖。2006年在香港红馆举办两场“弦歌有你”小交响乐团演唱会。
2010年凭借电影《我和你》获得第二届澳门国际电影节最佳男配角奖；同年获得第16届新加坡金曲奖流行乐坛荣誉大奖、第八届东南劲爆音乐榜劲爆港台地区最佳男歌手奖 、壹戏剧大赏戏剧新人奖。2011年接掌台北故事剧场，并成为团长。2015年推出专辑《还爱》；同年获得第19届全球华语榜中榜港台最佳男歌手奖。2016年获得第16届音乐风云榜年度盛典最佳青春影响力音乐人大奖、第18届华鼎奖中国最佳男歌手奖；同年发行翻唱专辑《歌 时代》。2017年获得第21届全球华语榜中榜华语音乐特别贡献奖。2021年推出个人专辑《就懂了》 。",https://music.163.com/artist/desc?id=6454,http://p1.music.126.net/toy86e__VchFjS1fJ7LWTQ==/109951168500581439.jpg
,,,,
12198387,艾志恒Asen,STKD DIGI 4L,https://music.163.com/artist/desc?id=12198387,http://p2.music.126.net/g0zY65KwoJwp-zCFnxFQDg==/109951166163609304.jpg
,,,,
5379,韦礼安,获第22届「最佳新人奖」和第26届「最佳作曲人奖」2021年发行《如果可以》，MV于YouTube已突破1亿点击，成为新一代经典神曲，2022年9月发行全新专辑《明天再见》，同月两场台北小巨蛋演唱会《如果可以，我想和你明天再见》开卖即秒杀，11月登上日本最受欢迎的音乐YouTube 频道「THE FIRST TAKE」，2023年11月举办两场小巨蛋演唱会，2024/05/11举办高雄巨蛋演唱会，创下佳绩。,https://music.163.com/artist/desc?id=5379,http://p1.music.126.net/KwO4m0QepQXqqBC0z3SrIw==/109951169891928289.jpg
,,,,
1038093,鹿晗,"鹿晗（LU HAN），1990年4月20日出生于北京，中国男演员、歌手。
2008年，鹿晗赴韩国留学，留学期间在明洞逛街时被韩国SM娱乐公司星探发掘。2010年签约成为旗下练习生。2011年12月27日通过EXO官网公开写真和预告视频与公众见面。2012年4月8日以EXO/EXO-M组合成员身份正式出道，在组合里担任主唱、领舞、门面担当。2013年7月-9月，在组合首张专辑剧情版录影带上、下两部中担任男主角。2014年6月，出演导演陈正道执导的中韩合拍电影《重返20岁》。8月19日，个人微博单条评论创吉尼斯世界纪录，成为中国中文社交媒体的第一个对外公布认证的吉尼斯世界纪录缔造者。10月10日，鹿晗由代理律师向韩国首尔地方法院递交起诉书，申请与SM公司合同无效。12月2日，鹿晗为自己主演的电影《重返20岁》演唱的电影主题曲《我们的明天》正式发行。2015年1月8日，鹿晗主演的首部电影《重返20岁》正式上映，以3.8亿票房刷新中韩合拍片票房纪录。3月，出演悬疑电影《我是证人》担任男主角。3月12日，确认加盟张艺谋执导的好莱坞史诗巨制电影《长城》。5月献唱北京申办2022年冬奥会优秀音乐作品《请到长城来滑雪》。同月登上《福布斯》中文版封面。7月13日，首位在新浪微博上个人词条浏览量突破300亿的艺人，同月17日首次做客微访谈，一小时113万提问量打破古剑奇谭剧组保持的记录。8月18日微博单条评论数突破1亿，刷新新浪微博单条微博评论纪录。8月28日确认加盟《奔跑吧兄弟第三季》。10月，主演的悬疑电影《我是证人》上映 。12月，个人首张专辑《Reloaded（重启）》全球发行。 2016年6月，参加浙江卫视综艺节目《我去上学啦第二季》。7月，代言卡地亚。8月，主演的电影《盗墓笔记》上映，在片中饰演男主角吴邪。12月，荣登“中国90后10大影响力人物”榜首，并以2.7亿财富居2016“中国90后富豪榜”第五位；同月，主演的由张艺谋执导的好莱坞电影《长城》在全球正式公映，在片中饰演士兵彭勇。 2017年1月，首次登上央视春节联欢晚会演唱歌曲《爱你一万年》。4月，主演古装玄幻剧《择天记》登陆湖南卫视十点档青春进行时剧场，该剧平均收视率达1.12，全网播放量突破270亿，为周播剧场开创以来非暑期档收视冠军。6月，主演青春励志剧《甜蜜暴击》。9月，主演科幻战争电影《上海堡垒》。 2018年3月，参加爱奇艺综艺节目《热血街舞团》。 2020年3月，担任腾讯视频综艺节目《创造营2020》教练成员。",https://music.163.com/artist/desc?id=1038093,http://p2.music.126.net/01coDPkYVGGvXXnibwny1A==/109951166670189391.jpg
,,,,
1211046,GAI周延,"GAI周延（D.M.G）种梦音乐签约艺人。
新华流说唱领军人物。《我是唱作人》冠军战队，《我们的歌》冠军组合，《中国新说唱2020》明星主理人《2021少年说唱企划》《草莓星球来的人》导师，《披荆斩棘的哥哥》唱演家族成员。代表作：《华夏》《烈火战马》《哪吒》《赤子心》等，作品中的中国古典元素、音律融合川渝方言，加之侠义悠然的中国风、稳健的唱功，让GAI周延成为中文说唱最具特色与实力的音乐人。",https://music.163.com/artist/desc?id=1211046,http://p1.music.126.net/tcK55iyi_FQuaCern7prtg==/109951167592114977.jpg
,,,,
37123911,Zy,艺术家/音乐制作人/歌手,https://music.163.com/artist/desc?id=37123911,http://p1.music.126.net/8RaqCIF9kCKZdyLt15KFQw==/109951168432327397.jpg
,,,,
1204010,TizzyT,"Tizzy T／谢锐韬
优秀的年轻音乐唱作人和饶舌歌手。",https://music.163.com/artist/desc?id=1204010,http://p2.music.126.net/VJLUv2HtobEqsfvE4H8xNg==/109951163464459383.jpg
,,,,
36985903,海洋Bo,"传承 创新 后面的事上了年纪再说
经 shineforo",https://music.163.com/artist/desc?id=36985903,http://p1.music.126.net/Zc75ADHgC-igktpI9eKUrA==/109951166613771685.jpg
,,,,
6066,杨宗纬,大学时期参加台湾歌唱选秀节目《超级星光大道》获选为第一届“人气王”。比赛的时候，杨宗纬歌声阳刚而细腻，富含感情，辨识度高，感染力强，以演唱抒情歌曲见长，选曲跨越性别界线，无论是男女歌手的抒情歌曲，经过他重新诠释之后，常常都可以得到不输原唱或甚至超越原唱的评价。出道后屡创多项记录，包括发行首张专辑，便以新人之姿登上台北小巨蛋举办个人演唱会，也是唯一一位创下2年内包办“三金一亚”（台湾金曲奖，金钟奖，金马奖及亚太影展）颁奖典礼演唱嘉宾的歌手。歌声阳刚而细腻，有高度感染力与辨识度，富含感情，被誉为“催泪歌神”，又昵称“鸽王”。,https://music.163.com/artist/desc?id=6066,http://p2.music.126.net/5_0ux0Y9P5WTfW70zSP2wQ==/3243559305677511.jpg
,,,,
32944030,Gareth.T,汤令山（英语：Gareth Tong Ling Shan，1999年12月30日―），艺名Gareth. T，香港创作男歌手。汤令山于青衣岛长大，小时候深受Eminem和来自英国的黑人老师教导和在聆听米高积逊的音乐下而受到启发，也因此有流利的英文。汤令山后在2017年到美国波士顿伯克利音乐学院修读音乐学士课程，双主修当代音乐写作与制作及电子音乐制作与设计，于2021年5月毕业。他自2018年起以独立歌手的方式于各大平台发行单曲。首支英语单曲《Faith》于2月6日发行，并于10月13日推出首支数码EP《18》。2020年，加盟独立厂牌Umami Records，并推出以其祖母作创作背景的英语单曲《Best Me I Can》。因缘际会下，汤令山认识了华纳香港Hip Hop ＋ R&B 部门主理人兼任饶舌歌手的“大匙羹”Nicholas。双方对音乐影像创作等方面的想法都很相近，在确认签约唱片公司不影响创作自由的前提下，汤令山于2021年初加盟华纳唱片。同年，汤令山推出加盟华纳唱片后之首支英语单曲《Boyfriend Material》，并首度派台至各大平台，不足四个月在YouTube得到过一百万点击率。及后推出的《Speed Limit》、与Moon Tang合唱的《Honest》以及出道四年以来的首支粤语单曲《劲浪漫超温馨》亦于各大平台获得不俗之佳绩，当中《Honest》及《劲浪漫超温馨》亦同样在YouTube各自得到过一百万点击率。汤令山从2021年起亦开始尝试以作曲人的身份与其他歌手合作，包括章尾而的《最后的黄昏》、姜涛的《Master Class》、与Tyson Yoshi共同创作的《December》、MIRROR的《12》等，其中《12》的MV汤令山亦有参与客串演出。2022年，汤令山跟随经理人“大匙羹”转至华纳唱片（亚太区）旗下厂牌An Asiatic Records，同年推出首支大碟专辑《To Be Honest》，收录其中的英语单曲《Confidence》首度登上新城劲爆外语榜第二十位。,https://music.163.com/artist/desc?id=32944030,http://p1.music.126.net/FTU-Gp2jJYDw97jaFn00Vg==/109951171320381832.jpg
,,,,
6453,张震岳,著名歌手，张震岳出生于宜兰县苏澳镇，为台湾原住民阿美族人。小时候因为参加教会唱诗班的缘故，开始对音乐产生兴趣，接着在国中时学习弹奏吉他。中学时期，他开始听BONJOVI、SPEEDMETAL等西洋摇滚，国语则深受陈升自由随性的曲风影响，融合两者就是张震岳今天充满摇滚、白话的“岳式风格”的主要特色。张震岳在高中开始接触摇滚乐。1993年12月发行第一张专辑《就是喜欢你》。之后张震岳也曾以“DJ Orange”为名在2001年4月和7月发行了两张电子音乐专辑，分别为《ORANGE》和《ORANGE2》。2008年8月，张震岳曾和知名歌手罗大佑、李宗盛、周华健组成乐团纵贯线。,https://music.163.com/artist/desc?id=6453,http://p2.music.126.net/Ac9FX01IRldHV999yt6BaQ==/109951170927213650.jpg
,,,,
980025,周兴哲,"周兴哲（Eric Chou），1995年6月22日出生台湾省，中国台湾流行乐男歌手、词曲作者。
2014年，凭借演唱电视剧《16个夏天》片尾曲《以后别做朋友》，在视频平台YouTube获得超过1亿次点击率。同年，发行个人首张音乐专辑《学着爱》，凭该专辑获得音乐先锋榜“年度先锋创作新人奖”。2015年，推出改版音乐专辑《学着爱再爱你写真升级珍藏版》。2016年，发行个人第二张音乐专辑《爱，教会我们的事》，并举行9场《周兴哲”This Is Love“亚洲巡回演唱会》。2017年，发行个人第三张音乐专辑《如果雨之后》。2018年，主演网络剧《小妖的金色城堡》。2019年，推出个人音乐EP《终于了解自由》。2020年，推出个人第四张音乐专辑《小时候的我们》。同年，在新冠肺炎疫情期间举行全球首场室内万人演唱会，因此登上美国《时代》周刊。2021年，推出与单依纯合作的音乐单曲《爱我的时候》。",https://music.163.com/artist/desc?id=980025,http://p1.music.126.net/VGnB9gbxE1xHs6nsxNMh9A==/109951164639836060.jpg
,,,,
5358,王杰,"王杰（Dave Wang），原名王大为，1962年10月20日出生于台湾省新北市永和区，祖籍陕西省西安市，中国台湾男歌手、音乐人、演员。
王杰3岁随父母移居香港，幼年在多部邵氏电影中扮演角色。1987年12月出道以来，发行专辑80多张。
1987年12月19日在台湾发行个人首张专辑《一场游戏一场梦》，获得台湾冠军榜达半年。1988年发行的第二张专辑《忘了你忘了我》成为当年十大畅销唱片冠军，主打歌《忘了你，忘了我》《让我永远爱你》《你是我胸口永远的痛》亦在台湾、新加坡、马来西亚各音乐排行榜上蝉联数周冠军。1989年主演的电影《七匹狼》在台湾走红；同年赴香港发展，歌曲《谁明浪子心》获得十大中文金曲奖、十大劲歌金曲奖，此后在香港发行的《可能》《几分伤心几分痴》等粤语歌曲入选香港音乐榜周冠军。1991年发行的专辑《一生心碎》和歌曲《心痛》同时荣登香港电台中文台“香港大碟榜”及“中文歌曲龙虎榜”。1993年获得《民生报》1992十大偶像与最佳歌艺偶像两座奖项；同年在央视春晚演唱歌曲《回家》 。2000年-2002年演唱的《伤心1999》《不浪漫罪名》《我是真的爱上你》等歌曲在香港乐坛走红。
2010年8月7日举行北京五棵松演唱会。2011年5月23日举行伦敦演唱会；6月18日参加“老友记六人行”北京经典演唱会。2012年9月8日“王者归来-风云再起” 演唱会第六站于广州天河体育场举办。2014年在北京举行演唱会。2018年12月19日推出创作专辑《我知道我是一个已经过气的歌手》。2023年发行创作专辑《这场游戏那场梦》。",https://music.163.com/artist/desc?id=5358,http://p1.music.126.net/CA1WPvZO53dLrNEZbdQ5kg==/109951169045456272.jpg
,,,,
2849,古巨基,"古巨基（Leo Ku），1972年8月18日出生于中国香港，中国香港男歌手、演员、主持人，毕业于沙田官立中学。
1991年，出演个人首部电视剧《横财三千万》，从而正式进入演艺圈。1992年，担任无线电视娱乐新闻节目《娱乐新闻眼》的主持人。1994年，推出首张个人音乐专辑《爱的解释》，从而正式进军乐坛。1997年，获”叱咤乐坛流行榜颁奖典礼“叱咤乐坛男歌手银奖。2000年，在民国情感剧《情深深雨鳌分惺窝菽兄鹘呛问榛浮2003年，在古装言情剧《还珠格格第三部：天上人间》中饰演五阿哥爱新觉罗・永琪。2004年，获得“叱咤乐坛流行榜颁奖典礼""叱咤乐坛男歌手金奖、叱咤乐坛我最喜爱的男歌手、叱咤乐坛我最喜爱的歌曲大奖。2005年，推出第24张个人音乐专辑《最终幻想》。2008年，担任北京奥运会香港区火炬接力第8棒火炬手。2011年，主演古装神话剧《春光灿烂之欢乐元帅》。2012年，连续蝉联四届”十大劲歌金曲颁奖典礼“最受欢迎男歌星。2013年，参加CCTV《梦想星搭档》的比赛，与李泉搭档最终获得总决赛冠军。2015年，作为首发歌手参加湖南卫视《我是歌手第三季》的比赛，并担任主持人，在第6期踢馆赛中被淘汰；同年，推出第37张个人音乐专辑《我们》。2019年4月27日，获得第23届全球华语榜中榜亚洲影响力最受欢迎男歌手奖。",https://music.163.com/artist/desc?id=2849,http://p1.music.126.net/KKn_xNTssclpBjVitvE-nQ==/109951169266103879.jpg
,,,,
33915432,渡,"中文名：渡
生日：1995年4月1日
星座：白羊座
血型：B型
身高：178
体型：66kg
民族：汉
爱好：音乐
出生地：四川成都
善长曲风：pop、R&B、抒情",https://music.163.com/artist/desc?id=33915432,http://p1.music.126.net/co6Au2vt85IsgbRj4Xzz8Q==/109951164579212080.jpg
,,,,
12060040,杜宣达,"中国内地男歌手
-微博：@-杜宣达-
-抖音：dxd19970805
本人从不使用任何语音聊天交友软件 注意辨别",https://music.163.com/artist/desc?id=12060040,http://p1.music.126.net/zRoJTCGq2yImTQ_jjor7zw==/109951164816694171.jpg
,,,,
12193174,Capper,"Capper，唱作音乐人、平面设计师、街头艺术家。
Capper,whose real name is yanzhuo Zhang,was born on June 21,2000 in Xi'an,Shannxi Province,the first ancient capital of China,sa a professional rapper and street graphic designer in the '00's.
微博：@Capper不戴帽子
INS：cappermadeinfuture",https://music.163.com/artist/desc?id=12193174,http://p1.music.126.net/htZBUaMOnJqHLKsUL5Mkrw==/109951167140367485.jpg
,,,,
29392693,邵帅,"工作请联系:shaoshuaistudio@163.com
自信并谦卑的为音乐发声。
希望自己的音乐，能替你讲一段你或者我，或者他和他们的故事。",https://music.163.com/artist/desc?id=29392693,http://p1.music.126.net/8_cpEv3Qt-0puHoq89elbA==/109951165027027385.jpg
,,,,
12002248,沈以诚,歌手,https://music.163.com/artist/desc?id=12002248,http://p1.music.126.net/EL2R9tzkaLvpAkDpNTlxIQ==/109951165443367321.jpg
,,,,
12641765,江辰,"新浪微博：江辰-OnlyJ
音乐唱作人，制作人
经纪人vx：BUGglory",https://music.163.com/artist/desc?id=12641765,http://p2.music.126.net/2AGX_RoVyzZb7EU77Tk7BA==/109951169419736238.jpg
,,,,
49513323,ET,"商务合作请联系：Charmanderccc（非本人）
粉丝群：lifeline-YM",https://music.163.com/artist/desc?id=49513323,http://p2.music.126.net/wWZxAlJWQPJPjGKHSFPCAw==/109951166338994700.jpg
,,,,
2112,陈小春,"陈小春（Jordan Chan），汉族客家人，1967年7月8日出生于广东省惠州市惠阳区，中国香港男歌手、演员。
1985年陈小春加入TVB舞蹈艺员训练班，先后担任组合豹小子、风火海的成员。1994年凭借电影《晚九朝五》获得第14届香港电影金像奖最佳男配角奖。1996年起参演系列电影《古惑仔》，受到关注。1998年领衔主演金庸武侠剧《鹿鼎记》。1999年凭借歌曲《神啊救救我》《没那种命》拿下当年的香港叱咤风云奖。2003年发行普通话专辑《算你狠》；同年首度于香港体育馆举行个人演唱会。2004年领衔主演古装轻喜剧《天下第一媒》。2005年领衔主演温情连续剧《我家不打烊》。2007年主演古装动作剧《霍元甲》。2008年发行普通话专辑《独家记忆》。2011年11月29日出演的古装战争动作电影《鸿门宴传奇》上映。2013年主演喜剧电影《好命先生》。2014年，在香港红|体育馆合作举办岁月友情演唱会。2015年，领衔主演黑色喜剧电影《计划》。2016年，参加结构式综艺《来吧，说做就做》。2017年领衔主演警匪电影《黑白迷宫》。",https://music.163.com/artist/desc?id=2112,http://p1.music.126.net/MyK0_930LX6q0fD2Bcp_vg==/109951169164945697.jpg
,,,,
30116848,阿冗,"歌手阿冗，独立音乐人，代表作《与我无关》《你的答案》
合作商务联系：985458072@qq.com",https://music.163.com/artist/desc?id=30116848,http://p2.music.126.net/2yq5iRTyrwxJr8WyWQuGGw==/109951166447412013.jpg
,,,,
28416428,Lunak,Lunak，中国电子音乐制作人，网易云独家签约制作人，在网易云拥有千万播放量，曾和世界百大DJ Aryue合作发曲，在Beatport上最高获得推荐榜Hyper top 34位，合作vx：lunak7,https://music.163.com/artist/desc?id=28416428,http://p1.music.126.net/Jxh0ihirBurjgBBYDuGTmg==/109951163439050776.jpg
,,,,
15199791,林达浪,林达浪 96年 唱吧名 我不是达浪 抖音名 林达浪 喜欢唱歌 打游戏 打篮球 听歌 看书 身高178 体重135,https://music.163.com/artist/desc?id=15199791,http://p2.music.126.net/ZnCjlAlyxaqUdzaYN2Ob7w==/109951165802429562.jpg
,,,,
6452,周杰伦,"周杰伦（Jay Chou），1979年1月18日出生于台湾省新北市，祖籍福建省泉州市永春县，中国台湾流行乐男歌手、原创音乐人、演员、导演、编剧，毕业于淡江中学。
2000年发行首张个人专辑《Jay》。2001年发行的专辑《范特西》奠定其融合中西方音乐的风格。2002年举行“The One”世界巡回演唱会。2003年成为美国《时代周刊》封面人物。2004年获得世界音乐大奖中国区最畅销艺人奖。2005年凭借动作片《头文字D》获得台湾电影金马奖、香港电影金像奖最佳新人奖。2006年起连续三年获得世界音乐大奖中国区最畅销艺人奖。2007年自编自导的文艺片《不能说的秘密》获得台湾电影金马奖年度台湾杰出电影奖。
2008年凭借歌曲《青花瓷》获得第19届金曲奖最佳作曲人奖。2009年入选美国CNN评出的“25位亚洲最具影响力的人物”，同年获得第20届金曲奖最佳国语男歌手奖。2010年入选美国《Fast Company》评出的“全球百大创意人物”。2011年再度获得金曲奖最佳国语男歌手奖，并且第4次获得金曲奖最佳国语专辑奖；同年主演好莱坞电影《青蜂侠》。2012年登福布斯中国名人榜榜首。2014年发行华语乐坛首张数字音乐专辑《哎呦，不错哦》。2019年起举行“嘉年华”世界巡回演唱会。
演艺事业外，他还涉足商业、设计等领域。2007年成立杰威尔有限公司。2011年担任华硕笔电设计师并入股香港文化传信集团。
周杰伦热心公益慈善，多次向中国内地灾区捐款捐物。2008年捐款援建希望小学。2014年担任中国禁毒宣传形象大使。",https://music.163.com/artist/desc?id=6452,http://p2.music.126.net/NWv6PtSBkyWZzqbJVzBr7g==/109951169164936450.jpg
,,,,
12008056,曾舜,曾舜（Joseph ZENG），深圳籍演员。演技扎实，表演生动，被评为95后演技、口碑、热度全能小生。出道以来出演众多大IP作品，通过新版《倚天屠龙记》中饰演张无忌崭露头角，走入大众视野，《终极笔记》中的吴邪更被广大观众认可，《孤舟》《七夜雪》《说英雄谁是英雄》《我可能遇到了救星》等作品也被观众喜爱，2023年曾舜凭借《莲花楼》中方多病一角，获得更多大众关注。而自幼喜欢音乐的曾舜近年来亦跨界合作多位海外知名独立音乐人，带来多首风格迥异小众迷幻的音乐作品，无不展露其音乐审美方面的独特品味。2017年，曾舜邀请欧美独立音乐教父Chris Garneau合作改编《baby’s romance》，Chris更亲自为其编曲并和音配唱；同年，曾舜以独立电子曲风改编英国天后Dido成名曲《THANK YOU》；以indie POP曲风改编国内知名电子乐队与非门粤语金曲《乐园》；而其18年发表的《The Devil’s Tears》，则改编自澳洲新生代乐团Angus&Julia Stone；19年发表的《let’s go crazy》，改编自挪威独立音乐人Egil Olsen；2023年11月，曾舜与泰国当红乐队HYBS合作，发表《Dancing with my Phone》中国版《迷失情感迷宫》。复古港风撞击ChillPOP + R&B，惬意慵懒小品不禁让人随性起舞。2024年7月，曾舜与加拿大唱作人JORDANN合作，发表《Dehors（中法合唱版）》，第三度邀请中国香港知名词人林若宁填词合作，粤法双语合唱形式为歌曲注入了新的活力，两人慵懒自如的声音犹如夜空中璀璨的双子星，似梦似幻。随后8月推出了《一人行（Dehors粤语版）》，粤语版歌词融合了法式浪漫和温柔港风，很好呼应了法语原版“对大自然的热爱与对自由的向往”。2024年10月，曾舜携手重磅制作班底，正式发布歌曲《陌生小狗》，向喜爱多年的前辈蔡健雅致敬。,https://music.163.com/artist/desc?id=12008056,http://p1.music.126.net/oexspGhGjZIRHazZgB5RWg==/1375489049059816.jpg
,,,,
5770,许巍,内地摇滚音乐界的重要人物。1995年，许巍作词作曲的《执着》被歌手田震唱红大江南北，并有机会签约红星生产社出版了首张专辑《在别处》，立刻引起了轰动，专辑在无任何的宣传情况下，销售量达50万张。近年，许巍一直活跃在歌坛，不仅不断发行自己的音乐作品，还不忘向歌坛输送好歌好曲。1998年更作为流行乐界仅有的二位作者，其作品和崔健一起被选入中国当代诗歌文选。,https://music.163.com/artist/desc?id=5770,http://p2.music.126.net/RElN4X4swMG8C3307meR5Q==/109951168940328224.jpg
,,,,
12084497,宝石Gem,音乐人，代表作《野狼Disco》等。,https://music.163.com/artist/desc?id=12084497,http://p1.music.126.net/G4cQjniXxn7hAxaT5CLXgQ==/109951163526037988.jpg
,,,,
3683,李宗盛,"华语流行音乐界最具影响力与实力的杰出音乐制作人／词曲创作者／歌手
70年代民歌时期，为校园民歌团体木吉他合唱团成员，也是驻唱民歌手 。1983年初试啼声担任专辑制作人，首张专辑制作「小雨来得正是时候」一炮而红，同名单曲蝉连当年综艺节目《综艺100》排行榜13周冠军，其中首次发表的个人创作「结束」也传唱大街小巷。除了专辑制作，同时期亦参与电影主题曲和配乐制作工作，合作过的导演有侯孝贤、张艾嘉、成龙、陈凯歌等人。1984年进入滚石唱片，缔造华语流行音乐的黄金时期， 其间创作众多脍炙人口经典好歌，创造惊人销售佳绩，例如：陈淑桦「梦醒时分」、成龙「真心英雄」、周华健「让我欢喜让我忧」、张信哲「爱如潮水」、林忆莲「不必在乎我是谁」、辛晓琪「领悟」、莫文蔚「阴天」等。
2002 年设立手工吉他品牌 Lee Guitars（李吉他），亲自设计并制作品牌吉他至今。2011 年作品「给自己的歌」与2013年作品「山丘」，双双获得年度最佳词曲以及年度最佳歌曲奖。
作品广为流传，有百万制作人以及音乐教父之称，影响数以亿计华语乐迷。",https://music.163.com/artist/desc?id=3683,http://p2.music.126.net/1G0yCLN6uCI3eERHBKvlwQ==/109951168184981112.jpg
,,,,
12236125,王以太,cdc成都集团 王以太 3ho,https://music.163.com/artist/desc?id=12236125,http://p2.music.126.net/mf_zWF3REZJQU5Ge38KX_g==/109951166114595166.jpg
,,,,
3793,陆虎,陆虎（1986年4月24日），内地男歌手。曾于2007年参加湖南卫视举办的《快乐男声》，以长沙唱区冠军的身份挺进全国13强。随后以音乐唱作人的身份出现在大众视野，更是成为了内地影视OST领域的领军人物。代表作《雪落下的声音》、《鬓边不是海棠红》、《剑伤》、《爸爸妈妈去上班我去幼儿园》等。,https://music.163.com/artist/desc?id=3793,http://p1.music.126.net/kayk1iNq-Xij9WceLM3xJw==/109951170607431319.jpg
,,,,
6479,周柏豪,周柏豪（Pakho，Chau Pak Ho），1984年11月12日生于中国香港，中国香港创作歌手、演员、种星堂（Starz People）经纪公司旗下模特儿、艺人篮球队横洲工业篮球队队员。2007年作为歌手出道，同年11月，推出首张个人专辑《Beginning》，夺得 叱咤乐坛流行榜颁奖典礼叱咤乐坛新力军男歌手银奖，第三十届十大中文金曲最有前途新人奖银奖。2008年，主演电影《爱情万岁》；与郑融合唱的单曲《一事无成》夺得第31届十大中文金曲金曲奖、十大劲歌金曲最受欢迎合唱歌曲金奖。2012年12月，在香港会展中心举行“IMPERFECT”个人演唱会。2013年，发行专辑《8》；夺得2013年度叱咤乐坛唱作人金奖和叱咤乐坛男歌手银奖。2014年1月5日，在广州塔举办《周柏豪 Perfect 8》演唱会；3月，发行唱片《同行》。2016年，周柏豪的歌唱事业处于休息状态，全年没有推出新大碟。2017年，周柏豪终于回归乐坛，在一月推出新歌《有生一天》及《终于我们》。踏入入行第十年，周柏豪在4月份举行一连三场的ONE STEP CLOSER红馆演唱会庆祝。,https://music.163.com/artist/desc?id=6479,http://p2.music.126.net/ETv-9VNsaaW2xE5NDcUU3w==/109951169253764017.jpg
,,,,
12493781,Lil Ghost小鬼,"AKA.imp小鬼，说唱歌手，中国有嘻哈选手。果然天空练习生，生日5月20日，金牛座，来自中国福建，身高178cm，体重55kg，爱好跳舞、游戏，格言“Keep on dancing.”
小鬼（Lil Ghost），本名王琳凯，1999年5月20日出生于山东省烟台市海阳市，成长于福建省厦门市，中国内地说唱男歌手、影视演员，北京现代音乐研修学院流行舞系2016级学生。
2017年，参加爱奇艺Hip-Hop音乐选秀节目《中国有嘻哈》，获得全国70强，从而正式进入演艺圈；2018年1月，参加爱奇艺偶像男团竞演养成类真人秀节目《偶像练习生》，最终加入九人男团NINE PERCENT并正式出道；8月29日，获得华人歌曲音乐盛典全媒体推荐年度新人奖，而歌曲《Good Night》则获得年度金曲奖；11月20日，随NINE PERCENT推出组合首张音乐专辑《TO THE NINES》。2019年5月11日，获得音乐先锋榜三十一载荣耀盛典2018年度先锋创作新人奖、2018年度最具人气歌手奖，而单曲《上》则获得了最受欢迎20大金曲奖；5月20日，推出首张个人音乐EP《Lil ghost2.0》。2021年4月9日，加盟北京冬奥会真人秀《冬梦之约》；4月28日，发布混音单曲《Mood (Lil Ghost Remix|Explicit)》。9月1日在冒险网络剧《云南虫谷》中演唱主题曲《不侵》。2022年2月1日，参加《2022年北京广播电视台春节联欢晚会》。
2023年1月24日，参加“奋进新征程――2023中国网络视听年度盛典”，演唱《哈鹿哈鹿哈鹿》。",https://music.163.com/artist/desc?id=12493781,http://p2.music.126.net/CHei-uv74IxCFWJ7FOb1tw==/109951165928323969.jpg
,,,,
12324449,TC,RECORDING/MIXING/MASTERING ENGINEER,https://music.163.com/artist/desc?id=12324449,http://p1.music.126.net/rNO3oRwT-Pw4J06z-0K9oQ==/109951164964326570.jpg
,,,,
58160751,DJ阿布,DJ阿布小号 定制：DJAB88888888,https://music.163.com/artist/desc?id=58160751,http://p1.music.126.net/wTohRv8Wpe7avFwPujfNzA==/109951168862989318.jpg
,,,,
30704161,mac ova seas,Mac Ova Seas，说唱歌手，中国知名说唱团队 Digi Ghetto核心成员。川渝地区迅速崛起的音乐新生力量，作为国内最成熟运用Autotune技术的唱作人之一，他一直以超前的想法进行音乐制作。其作品通常将多元的文化，与中国城市特色紧密结合，创作了属于自己独一无二的风格，同时也在极力追求更新的听感和极致的音乐品质。,https://music.163.com/artist/desc?id=30704161,http://p2.music.126.net/LS_qsMeMUGSFPd585_mnmg==/109951164277744352.jpg
,,,,
29235210,Aioz,X-X 你好 我叫 Aioz,https://music.163.com/artist/desc?id=29235210,http://p1.music.126.net/cBW-awheYxln_RXFrohh_Q==/109951165080289545.jpg
,,,,
3690,卢广仲,擅长词曲创作，吉他弹奏。自2008年出道发行5张专辑，9张单曲，1张全创作原声带。2017年首度演出电视剧，主题曲<鱼仔>传唱大街小巷，2018年荣获得金曲奖年度歌曲及最佳作曲人奖项。同年金钟奖双料获得男主角，新进演员奖项，并跃上大银幕，成为票房破亿男主角，电影主题曲<几分之几>攻占各排行榜冠军，宣布将于2019年第5次登上小巨蛋。近年持续举办春季世界巡回，好评加场从春天唱到秋天，创造场场爆满的演唱会传奇。,https://music.163.com/artist/desc?id=3690,http://p1.music.126.net/KVikVjAdccZ2KOGIu0nsZg==/109951166698386543.jpg
,,,,
3699,李克勤,"李克勤（Hacken Lee），1967年12月6日生于中国香港，籍贯广东新会崖西，中国香港流行乐男歌手、演员、主持人、作词人。
1985年凭借歌曲《雾之恋》获得十九区业余歌唱大赛冠军进入乐坛。1987年推出第一张个人专辑《命运符号》，其中歌曲《月半小夜曲》成为其代表作。1989年凭借歌曲《一生不变》获得十大中文金曲奖、十大劲歌金曲奖。1990年凭借歌曲《眷恋》获得十大劲歌金曲奖。1992年填词并演唱的歌曲《红日》成为其代表作。1993年创作《最爱》歌词；同年凭借歌曲《回首》获得十大劲歌金曲奖。1994年推出首张普通话专辑《一生何求》。1998年夏天为TVB转播之世界杯足球赛事担任主持。
2002年首度获得十大劲歌金曲最受欢迎男歌星奖。2005年第三度获得十大劲歌金曲最受欢迎男歌星奖。2007年凭借歌曲《花落谁家》获得劲歌金曲金奖。2011年举行《李克勤&香港小交响乐团演奏厅2011》个人演唱会。2013年推出Hi-Fi发烧碟《复克》。2015年参加江苏卫视《蒙面歌王》的比赛。2016年参加《我是歌手第四季》；同年凭借歌曲《一个都不能少》获得劲歌金曲金奖。2017年发行出道30周年纪念专辑《30克》；同年获得第四届粤语歌曲排行榜乐坛至尊歌手大奖、第21届全球华语榜中榜暨亚洲影响力大典港台最佳男歌手奖、第24届东方风云榜香港地区最受欢迎男歌手奖及风云成就奖。2019年推出普通话EP《你是我的大明星》。2021年担任浙江卫视音乐节目《中国好声音2021》的导师。",https://music.163.com/artist/desc?id=3699,http://p1.music.126.net/a9ekQj9SfOujRMk6h6IIUA==/109951168299155350.jpg
,,,,
33900743,高旭,"商务V：FTP-MUSIC
商务邮箱：FTPMUSIC@FOXMAIL.COM（备注来意）",https://music.163.com/artist/desc?id=33900743,http://p2.music.126.net/aV4-pWBQCw-bxeYAWghgQA==/109951169393340825.jpg
,,,,
31561897,沙一汀EL,"沙一汀 EL，来自 W8VES 厂牌，20年在《说唱新世代》节目中斩获季军，新人说唱黑马的印象深入人心。“EL”是Effortless的缩写，代表着他做什么事都毫不费力的精神追求，他性格里的勇敢、自由、自信、松弛，成为了Z世代青年画像的极致缩影。
出道以来他为观众带来许多优质的音乐作品，如《早点早点》《Red lips》《所以你睡了没》《双子座》《平行线》等，歌曲《Red lips》还曾被评为21年抖音音乐年度歌曲。EP《沙一汀的夏天》一经上线，《中暑》、《Trust Me》等即席卷各大榜单，作品方面音乐爆款频出，堪称行走的“热单制造机”。并且他独到的音乐风格和创作能力，以及音乐中特有的“沙一汀式浪漫”，也受到业内外的一致好评，是一位不可多得、才华横溢的新锐唱作人。舞台方面他凭借极具感染力的Live能力，成为名副其实的音乐节、巡演“票罄王”，一巡“听汀”9城十场场场爆满，二巡“敏感小孩”，开票秒罄，粉丝期待值拉满。
同时，出道至今他也揽获多平台奖项，如2022微博音乐盛典“年度期待说唱歌手”荣誉，2022百度沸点元宇宙之夜“沸点新势力唱作人”荣誉，2022年QQ音乐融合嘻哈盛典“年度微博影响力艺人”称号等，被大众和主流媒体认可。",https://music.163.com/artist/desc?id=31561897,http://p2.music.126.net/FWsjo25wumC67z53LXXRUQ==/109951165694813396.jpg
,,,,
32220939,en（王翊恩）,..............................................,https://music.163.com/artist/desc?id=32220939,http://p1.music.126.net/y96i1iwutCHLDmOSg7wKoA==/109951164077916536.jpg
,,,,
4723,潘玮柏,"潘玮柏 Will Pan
他将嘻哈音乐带进华语主流市场，音乐对他来说是生命；嘻哈是爱，他经历一波波时代浪潮却始终走在浪尖上，他是亚洲唱跳天王，也是中国新说唱冠军导师。
2 0 2 0 年，「亚洲唱跳天王」潘玮柏推出全新专辑《 Mr.R&Beats 节奏先生》，距离上一张作品《异类》已相隔超过三年，在歌迷的引颈期盼及潘玮柏对作品的严格坚持下，总算「磨」出近年来最满意的巨作，蓄势待发准备再一次重磅席卷华语乐坛！",https://music.163.com/artist/desc?id=4723,http://p1.music.126.net/4klJk43HyA2TfRFlPmibjQ==/109951165753285642.jpg
,,,,
6068,杨坤,中国著名创作歌手，2002年发行首张专辑《无所谓》一炮走红，极具辨识度的嗓音让他在整个华语乐坛拥有很高的知名度。在首张专辑《无所谓》中杨坤创作了全部的旋律和大部分词作，在音乐创作的道路上一直在不断的探索，并树立了属于自己的创作风格。嗓音磁性十足、极富特点。2008.04.22 在北京工人体育馆举办了“燃情四月”出道以来第一场个人演唱会。代表音乐作品《无所谓》、《那一天》、《穷浪漫》、《牧马人》、《空城》、《真的很在乎》。主要成就：歌曲《无所谓》获得十大金曲奖，全球华语榜中榜最佳男歌手，音乐风云榜最佳男歌手，中歌榜最佳男歌手，亚洲音乐节亚洲音乐贡献奖。,https://music.163.com/artist/desc?id=6068,http://p1.music.126.net/k0-UITOcbcJqDDl_NGTNww==/109951169219983851.jpg
,,,,
956386,王源,"王源，2000年11月8日出生于重庆，中国歌手。TFBOYS成员之一。
2011年底加入TF家族成为练习生，2012年7月翻唱《一个像夏天一个像秋天》，2013年4月翻唱《当爱已成往事 》、6月翻唱《洋葱》、11月翻唱《董小姐》。2013年8月6日，与王俊凯、易烊千玺以TFBOYS组合形式出道，陆续发行《爱出发》、《Heart》、《梦想起航》、《魔法城堡》等单曲。2016年1月13日发行首支自作词曲个人单曲《因为遇见你》。",https://music.163.com/artist/desc?id=956386,http://p1.music.126.net/lmq42ikgHlfxxyaN7B7LNg==/109951170120533819.jpg
,,,,
29804746,王安宇,王安宇，中国内地男演员，代表作《梦回》《二十不惑》《百岁之好，一言为定》《陪你逐风飞翔》《炽道》。,https://music.163.com/artist/desc?id=29804746,http://p1.music.126.net/y8XDA9roDe7bR014mWEVEQ==/109951171363126010.jpg
,,,,
12275767,step.jad依加,"华纳音乐合作签约艺人，RollDice Records旗下音乐人。
经纪商务联系方式：
Email①：business@rolldice.cn
②：YiZeng@warnermusic.com",https://music.163.com/artist/desc?id=12275767,http://p2.music.126.net/ZBrcPAFALv_WF-HZ0pX-OQ==/109951171176635846.jpg
,,,,
13906123,张紫豪,一个喜欢唱歌大男孩，希望每首歌都能有你故事。,https://music.163.com/artist/desc?id=13906123,http://p1.music.126.net/fWkt8wSrDo6MRqg2lUh9Xw==/109951165018493346.jpg
,,,,
12121264,Ice Paper,,https://music.163.com/artist/desc?id=12121264,http://p1.music.126.net/30HcIa1xaRUZHawcE_H_wA==/109951168129798408.jpg
,,,,
10695,张远,"张远，1985年6月2日出生于安徽省滁州市，中国内地男歌手 、演员，毕业于南京财经大学。
2007年参加湖南卫视《快乐男声》比赛，获得南京赛区冠军、全国第9名；同年签约天娱传媒，并发行个人首支单曲《伤城》。2008年加入至上励合组合，并担任队长 ；同年凭借组合首张EP《降临》中的歌曲《棉花糖》在歌坛获得关注 。2009年，随组合发行首张专辑《齐天大盛》。
2011年出演电影《敦煌传奇》 。2012年参演电视剧《童话二分之一》 。2014年参加综艺节目《百变大咖秀》。2015年参演《流泪花园》；12月发行EP《小镇青年》 。2016年6月推出单曲《恋爱666》，发行首日网络点击率破亿；同月拍摄申通定制网络大电影《快递超人》；随后在长征八十周年献礼片《先锋之那时青春》中饰演孙坚 。",https://music.163.com/artist/desc?id=10695,http://p1.music.126.net/qoLdPsMauoPaYt3taWklwA==/109951169377571277.jpg
,,,,
1197168,徐秉龙,"徐秉龙，00后原创音乐人，词曲作者，南方生人。自弹自唱，自学写歌。15岁发表第一首原创作品，16岁为林宥嘉创作单曲《船》，17岁开启七城巡演。 2018年联袂制作人许环良发行个人首张EP《零零》； 2018年10月举办《来日可期》个人全国12场专场巡演； 2019年1月在北京参加网易云音乐原创盛典，获「年度最受欢迎男音乐人」奖；2019年3月在上海参加LPA颁奖盛典，获流行类最佳现场奖；2023年1月获微博音乐盛典「年度期待民谣歌手」奖项，受邀参加麦田、草莓、西湖等全国各大十几场音乐节。 微博@Barry徐秉龙
邮箱：barry2791@qq.com
工作V：HTOP-Ivan",https://music.163.com/artist/desc?id=1197168,http://p1.music.126.net/XDiY_PMKB2Cnf6sJvr1VTg==/109951165515215951.jpg
,,,,
58203900,Happer,热爱hiphop Hap,https://music.163.com/artist/desc?id=58203900,http://p1.music.126.net/4cZE0j3bfO0sqdGgBpWzvA==/109951167035873596.jpg
,,,,
12136078,葛东琪,葛东琪，中国内地流行歌手，原创音乐制作人。代表作：《郑Chinese Wedding）》、《悬溺》、《灯塔》等。,https://music.163.com/artist/desc?id=12136078,http://p2.music.126.net/YTpJDTSu0KLhnihSYDLnuw==/109951165525465927.jpg
,,,,
1198123,姜云升,我希望大家能幸福的活着！,https://music.163.com/artist/desc?id=1198123,http://p2.music.126.net/daqU7RiA2mfTneyWQn2ZOg==/109951163582530189.jpg
,,,,
12110173,THOME,THOME，国内新生代实力说唱团体DIGI GHETTO成员，中文说唱圈最具有影响力的新星之一。凭借着在音乐方面不俗的天赋，Thome于2018年开始在说唱圈崭露头角。他的音乐风格独特，可以熟练驾驭R&B、Hip Hop、摇滚等多种风格，为中文说唱注入了全新的血液。在近两年他凭借多张成熟的个人音乐作品以及与优秀音乐人的合作，不仅在国内获得了广泛的认可，也在海外说唱圈中引起了关注。他通过音乐与观众建立联系，极具感染力与激情的现场，让他在年轻听众中备受喜爱。,https://music.163.com/artist/desc?id=12110173,http://p1.music.126.net/2c7is0sgsgFjK4QN37N3tA==/109951169207382984.jpg
,,,,
3695,李健,中国著名流行男歌手，原组合“水木年华”成员。2001年与校友卢庚戌成立“水木年华”演唱组，2001年9月，发行“水木年华”组合专辑《一生有你》，并获得当年几乎全部年度最佳新人奖。2002年离队。2003年9月发行首张个人专辑《似水流年》。2010年2月， 王菲翻唱李健创作的《传奇》，歌曲夺得国内多项排行榜的冠军，一时成为人尽皆知的热门歌曲，下载视听超过亿万次，李健的创作能力得到更多人的肯定。代表作品：《传奇》《风吹麦浪》《向往》。,https://music.163.com/artist/desc?id=3695,http://p2.music.126.net/qnX_WpoDIy9Skuy6DvGuBg==/109951169019454431.jpg
,,,,
13899303,杨和苏KeyNG,中国知名说唱音乐人，2022中文说唱巅峰对决冠军队队长，中国新说唱2019年度总冠军，2019爱奇艺年度说唱歌手，中国好声音全国十强。作为最早把说唱音乐带上主流媒体的说唱音乐人之一，在圈内圈外都被广泛认可。无论是技术表现或内容陈述，都拥有国内最顶级的水平。是中文说唱发展和推广史上不可忽略的存在。,https://music.163.com/artist/desc?id=13899303,http://p1.music.126.net/A29AvNO-UD5iRl_LtuBlrw==/109951165139737007.jpg
,,,,
12030367,刘思达LOFTHESTAR,"vx群：LOFTHESTARoffical
LOFTHESTAR From HIGHLAND 1337 MUSIC",https://music.163.com/artist/desc?id=12030367,http://p1.music.126.net/rC6pKgI1Jvkhdm4DGZ2_rg==/109951169988055705.jpg
,,,,
46360442,就是南方凯,我一路向北，离开有你的季节,https://music.163.com/artist/desc?id=46360442,http://p2.music.126.net/FPFl6gXsnxT1KHxTcqe-yw==/109951165633954359.jpg
